"sample","ploidy"
"52830.3.464152.AGCTTGAG-AGCTTGAG",2
"52830.3.464152.CGATAGAG-CGATAGAG",2
"52830.3.464152.CGGAATAC-CGGAATAC",2
"52830.3.464152.CGTGTGTA-CGTGTGTA",3
"52830.3.464152.GATAGCGA-GATAGCGA",2
"52830.3.464152.GCTGACTA-GCTGACTA",2
"52830.3.464152.TACCACAG-TACCACAG",2
"52830.3.464152.TCAGGCTT-TCAGGCTT",2
"52830.4.464202.AAGTCGAG-AAGTCGAG",2
"52830.4.464202.ACCTGACT-ACCTGACT",2
"52830.4.464202.ACCTTCTC-ACCTTCTC",3
"52830.4.464202.ACGCCTAA-ACGCCTAA",2
"52830.4.464202.AGCAGATG-AGCAGATG",2
"52830.4.464202.AGTCGCTT-AGTCGCTT",3
"52830.4.464202.CAACGGAT-CAACGGAT",2
"52830.4.464202.CGGATTGA-CGGATTGA",2
"52830.4.464202.CGTTGCAA-CGTTGCAA",2
"52830.4.464202.CTCATTGC-CTCATTGC",2
"52830.4.464202.GATGCACT-GATGCACT",2
"52830.4.464202.GCCTATCA-GCCTATCA",2
"52830.4.464202.GGACTAGA-GGACTAGA",2
"52830.4.464202.GTAGAGCA-GTAGAGCA",2
"52830.4.464202.GTAGGAGT-GTAGGAGT",2
"52830.4.464202.GTTAAGGC-GTTAAGGC",2
"52830.4.464202.TCAACTGG-TCAACTGG",2
"52830.4.464202.TCGTCTCA-TCGTCTCA",2
"52830.4.464202.TCTAACGC-TCTAACGC",3
"52830.4.464202.TGTGAAGC-TGTGAAGC",2
"52830.4.464202.TTCCAAGG-TTCCAAGG",2
"52832.2.464561.GTGTCAAC-GTATCGTG",3
"52838.4.469356.CGTTCTGT-GATGAGCA",3
"52842.1.471593.AGCTTAGC-ATGCCCTT",3
"52842.1.471593.CAGACGAA-GAAAGCTG",2
"52842.1.471593.GATGTAGG-GTTTGTCC",2
"52850.2.472996.AAGGACAC-AAGGACAC",3
"52850.2.472996.AAGTCCGT-AAGTCCGT",3
"52850.2.472996.AGGTGTAC-AGGTGTAC",2
"52850.2.472996.CAATGTGG-CAATGTGG",3
"52850.2.472996.CCGGAATT-CCGGAATT",3
"52850.2.472996.CGAAGAAC-CGAAGAAC",3
"52850.2.472996.GATACTGG-GATACTGG",3
"52850.2.472996.GGAAGGAT-GGAAGGAT",3
"52850.2.472996.GGTATAGG-GGTATAGG",3
"52850.2.472996.TACTGCGT-TACTGCGT",3
"52850.2.472996.TATCAGCG-TATCAGCG",3
"52850.2.472996.TATTCCGG-TATTCCGG",3
"52850.2.472996.TCCTGCTA-TCCTGCTA",3
"52850.2.472996.TCTTGACG-TCTTGACG",3
"52850.2.472996.TGAGCTAG-TGAGCTAG",3
"52850.2.472996.TGGAGTTG-TGGAGTTG",3
"52850.2.472996.TGTTGTGG-TGTTGTGG",3
"52864.3.474633.ACCTCTGT-ACCTCTGT",2
"52864.3.474633.ACGATGAC-ACGATGAC",3
"52864.3.474633.ACGGTCTT-ACGGTCTT",2
"52864.3.474633.AGAATGCC-AGAATGCC",3
"52864.3.474633.AGAGCCTT-AGAGCCTT",2
"52864.3.474633.AGCAAGCA-AGCAAGCA",2
"52864.3.474633.AGTAGTCC-AGTAGTCC",2
"52864.3.474633.ATTGAGCC-ATTGAGCC",2
"52864.3.474633.CCTTCCTT-CCTTCCTT",2
"52864.3.474633.GCTGGATT-GCTGGATT",2
"52864.3.474633.GTCTCCTT-GTCTCCTT",2
"52864.3.474633.GTGAGCTT-GTGAGCTT",2
"52864.3.474633.TACGCCTT-TACGCCTT",2
"52864.3.474633.TCTCTTCC-TCTCTTCC",2
"52864.3.474633.TGACTGAC-TGACTGAC",2
"52864.3.474633.TTCGTACC-TTCGTACC",2
"52865.3.474771.AAGAGCCA-AAGAGCCA",2
"52865.3.474771.ATGCCTGT-ATGCCTGT",3
"52865.3.474771.CTTGCTGT-CTTGCTGT",3
"52865.3.474771.GAAGTACC-GAAGTACC",3
"52865.3.474771.GCCATAAC-GCCATAAC",3
"52865.3.474771.TAACCGGT-TAACCGGT",2
"52865.3.474771.TAGTGACC-TAGTGACC",2
"52865.3.474771.TGGATCAC-TGGATCAC",2
"52865.3.474771.TGGCATGT-TGGCATGT",2
"52873.4.476991.GCAGTGAA-CCGAATGT",3
"52873.4.476991.TGAACAGG-CCAGACAT",3
"52873.4.476991.TGCAACGT-CCACTATC",3
"52879.2.479241.ATCACTCC-TGCACTGA",3
"52879.2.479241.GAGAATGC-AATCCCCT",3
"52882.3.482409.AAGAAGGC-AAGAAGGC",2
"52882.3.482409.AGCACTTC-AGCACTTC",2
"52882.3.482409.AGTGTTGG-AGTGTTGG",2
"52882.3.482409.CAACCTAG-CAACCTAG",2
"52882.3.482409.CAGTCTTC-CAGTCTTC",2
"52882.3.482409.CATGGAAC-CATGGAAC",2
"52882.3.482409.CCTATACC-CCTATACC",2
"52882.3.482409.CGCATGAT-CGCATGAT",2
"52882.3.482409.CTAGCAAG-CTAGCAAG",2
"52882.3.482409.GAACACAC-GAACACAC",2
"52882.3.482409.GATTCAGC-GATTCAGC",2
"52882.3.482409.GCTCTGTA-GCTCTGTA",2
"52882.3.482409.GGCTATTG-GGCTATTG",2
"52882.3.482409.GTAGTCAG-GTAGTCAG",2
"52882.3.482409.GTCCTAAG-GTCCTAAG",2
"52882.3.482409.TAATGCCG-TAATGCCG",2
"52882.3.482409.TATGGCAG-TATGGCAG",2
"52882.3.482409.TTGGTCTC-TTGGTCTC",2
"52886.1.482508.ATCCAGAG-ATCCAGAG",2
"52886.1.482508.CTTCTGAG-CTTCTGAG",2
"52886.1.482508.GCGTTCTA-GCGTTCTA",2
"52887.3.482862.ACAGGATG-CGTAACGT",3
"52887.3.482862.CATGGACT-CTGCATGA",2
"52887.3.482862.GGTAGTCT-GTTGCAGT",3
"52887.3.482862.GGTATCGT-GCAAAACG",3
"52891.1.483874.CTACTACC-TCAATCGG",2
"52891.1.483874.GCCATGAT-TAGACCCA",2
"52891.1.483874.TCCTCCTT-GGGTGTAA",2
"52892.1.484748.AGTACCGTAT-CTAGACTGGT",3
"52896.1.487686.GATGCACTAT-GATGCACTGT",3
"52906.2.493958.AACACTGCAT-GCTCATGAGT",2
"52906.2.493958.AACCCTCTAT-TGAAGGCAGT",2
"52906.2.493958.ACATCCCTAT-ATCAGCACGT",2
"52906.2.493958.ACGCTGTAAT-TTGACGCAGT",2
"52906.2.493958.AGCAACTCAT-GGTTGGTTGT",2
"52906.2.493958.AGCTAGGAAT-TCGTGTTCGT",2
"52906.2.493958.CCACCTATAT-CCCGTTATGT",2
"52906.2.493958.GACACGTTAT-CATGAGCTGT",2
"52906.2.493958.GAGATCAGAT-GATCCGATGT",2
"52906.2.493958.GCATGCATAT-TTTGCCTGGT",3
"52906.2.493958.GCGGATTTAT-TGGCAAGAGT",2
"52906.2.493958.TCTCAGTCAT-TCTCAGGAGT",2
"52906.2.493958.TGAGTCACAT-TCTCGATCGT",2
"52906.2.493958.TTCGACGAAT-GACCAACTGT",2
"52906.2.493958.TTGACCGAAT-GCTAGCTAGT",2
"52913.3.498084.GGATCTTCAT-GGATCTTCGT",2
"53044.3.564626.AAACCACGCT-ACGTCATACG",2
"53044.3.564626.ACCCAGGAGC-CCAACTCGTG",2
"53044.3.564626.ACCCATCTTT-GTCTTCGATT",2
"53044.3.564626.ACGCATTCAC-ATTTATGGGC",2
"53044.3.564626.ACGTTAGCCG-CTTACAATCT",2
"53044.3.564626.AGAAGCGTAG-GTACTGTTAC",2
"53044.3.564626.AGCACGTCAG-CTATGCTCCA",2
"53044.3.564626.ATAAAGCGAA-TCGCGGAACA",2
"53044.3.564626.ATAGAGTGCG-ATAATTGTGT",2
"53044.3.564626.ATGGATGGGT-AGAAATGGGC",2
"53044.3.564626.ATTAGATGGC-AGGACGGCTC",2
"53044.3.564626.CAAACCCTAA-TCTAAGGGTT",2
"53044.3.564626.CCACCGGATT-CTGCTCATCG",2
"53044.3.564626.CCGGTTTACT-GCTAACATGG",2
"53044.3.564626.CGTTAGTTCA-CACTGCCTGT",2
"53044.3.564626.CTACACGCTT-TCATAATGCA",2
"53044.3.564626.CTAGGGCCGC-TGGCTCTGTT",2
"53044.3.564626.CTTAGTGACA-AGCTTGTACT",2
"53044.3.564626.CTTCTGCGAC-CTCATCATGG",2
"53044.3.564626.GACACAGGGC-TTGGTAATTG",2
"53044.3.564626.GATACGGGCA-AGGGCCGAAG",2
"53044.3.564626.GCCTATACTC-GCGCCCGCGT",2
"53044.3.564626.GTGCTGGGCA-TGTTCAATCA",2
"53044.3.564626.GTGTAAGCGG-CACTGGTAGT",2
"53044.3.564626.TAAAGCAATG-TTCGAGGGAC",2
"53044.3.564626.TCACAGAGTA-GTTGATGCGG",2
"53044.3.564626.TGCGACCAGA-TTTCTTGCCT",2
"53044.3.564626.TTAGGTTATG-CCCATGTGGT",2
"53044.3.564626.TTCCTTTAAT-CCCATAGCGG",2
"53044.3.564626.TTCGCTACTG-CACTGAATGC",2
"53044.3.564626.TTGGAGAAAC-GCAAGCGTTT",2
"53044.4.564661.AAGACAGAAA-ACTTTGTAAC",3
"53044.4.564661.ACAGACAATA-CACCTCCAGG",2
"53044.4.564661.AGAATTCGGG-TCTGCCTCTG",3
"53044.4.564661.AGATTTACTG-TAAGGCGAAC",2
"53044.4.564661.AGGCATTGCG-AATGTAGTCT",2
"53044.4.564661.AGTAAAGAGC-TCTGAGGCTG",3
"53044.4.564661.AGTTTGGAAC-CTATGGCACT",3
"53044.4.564661.ATGGTTATGT-AAGAAGTACG",3
"53044.4.564661.CATTTCCGTC-ACCTAGTTAT",2
"53044.4.564661.CGCGTGTGAC-TCCAAACTAA",2
"53044.4.564661.GACCGCGAAG-TCTGACCTGT",2
"53044.4.564661.GATTTGGACT-GTGATGGCTC",3
"53044.4.564661.GTAGCGCTCA-GCATATAGGT",3
"53044.4.564661.GTGGACTCGT-ACTCGAAGCG",2
"53044.4.564661.GTTCCAATCG-GTGTTCATGG",2
"53044.4.564661.TAAGAGGCAG-GCGGGACGAG",3
"53044.4.564661.TCAATTTAAG-TTCATCAAGA",3
"53044.4.564661.TCTCCCGGAA-CTACGCCATT",2
"53044.4.564661.TGGAAATCCG-CAACCCAAAG",3
"53044.4.564661.TTCCGCATGA-GTTTGAAGGC",3
"53051.6.568182.AAACCACGCT-ACGTCATACG",3
"53051.6.568182.AAGACAGAAA-ACTTTGTAAC",3
"53051.6.568182.ACAGACAATA-CACCTCCAGG",3
"53051.6.568182.ACCCAGGAGC-CCAACTCGTG",3
"53051.6.568182.AGAATTCGGG-TCTGCCTCTG",3
"53051.6.568182.AGATTTACTG-TAAGGCGAAC",3
"53051.6.568182.AGGCATTGCG-AATGTAGTCT",3
"53051.6.568182.AGTAAAGAGC-TCTGAGGCTG",3
"53051.6.568182.AGTTTGGAAC-CTATGGCACT",3
"53051.6.568182.ATGGTTATGT-AAGAAGTACG",3
"53051.6.568182.CATTTCCGTC-ACCTAGTTAT",2
"53051.6.568182.CGCGTGTGAC-TCCAAACTAA",3
"53051.6.568182.CTACACGCTT-TCATAATGCA",3
"53051.6.568182.CTAGGGCCGC-TGGCTCTGTT",3
"53051.6.568182.GACCGCGAAG-TCTGACCTGT",3
"53051.6.568182.GATTTGGACT-GTGATGGCTC",2
"53051.6.568182.GTAGCGCTCA-GCATATAGGT",3
"53051.6.568182.GTGGACTCGT-ACTCGAAGCG",3
"53051.6.568182.GTTCCAATCG-GTGTTCATGG",3
"53051.6.568182.TCAATTTAAG-TTCATCAAGA",3
"53051.6.568182.TCTCCCGGAA-CTACGCCATT",3
"53051.6.568182.TGGAAATCCG-CAACCCAAAG",2
"53051.6.568182.TTCCGCATGA-GTTTGAAGGC",2
"53051.6.568182.TTCCTTTAAT-CCCATAGCGG",2
"53051.6.568182.TTCGCTACTG-CACTGAATGC",3
"53052.8.569245.TGAACTCTCG-ATAGCATAAT",3
"53053.7.569510.GAGCGCTCTG-CCAAAGACGA",2
"53053.7.569510.TGCACGTCTC-TCAGGCGCGC",3
"53054.8.569772.AATGCGGCTC-TAGGCATTGA",2
"53054.8.569772.ACGCACGCTA-AGGTTATATG",3
"53054.8.569772.ACGGGCGTCG-GTGCCAGAAA",2
"53054.8.569772.AGGATGTGCG-GTCGTGTAGC",3
"53054.8.569772.AGGCGCAGTA-TTGGATTGGT",2
"53054.8.569772.AGGTAGTGCT-CCAATCACAG",3
"53054.8.569772.ATAAGGAATC-AGGTGTACTG",2
"53054.8.569772.ATAGAAGAAG-ATTGCAGCTA",3
"53054.8.569772.ATGGCGTAAG-CCATTTCTAC",2
"53054.8.569772.CACTCTCTTA-AACCCGATAC",3
"53054.8.569772.CAGGAGTGTT-CGTTAGTAAC",2
"53054.8.569772.CCACTCGAGC-AGGACTCTTC",2
"53054.8.569772.CGGCGTGGGC-CGGCTCTTTA",3
"53054.8.569772.CTAGACATTA-TGCCAAATAT",3
"53054.8.569772.CTCCCTCATT-TCTATTACGG",3
"53054.8.569772.GATCCTCGAT-ACGTTGTATA",2
"53054.8.569772.GCCTCGAGAG-AGCCTTTGGA",2
"53054.8.569772.GCTCCGCTTC-GCGCAACCCA",3
"53054.8.569772.GTGAAGAGTA-AATAAGTGGC",2
"53054.8.569772.GTTAGGCTCG-ATGTAGTCGT",3
"53054.8.569772.GTTGCGGTGA-CATGTCGGAG",2
"53054.8.569772.TAACGGTCGC-AAATCCCGGG",3
"53054.8.569772.TAAGAGCAAC-CCTGCGGCGA",2
"53054.8.569772.TATTCCCAAG-TATTTCCCGT",2
"53054.8.569772.TCGGATGCCT-GTTAGGCGAG",3
"53054.8.569772.TCGTGCCGTT-CTAACATAGC",3
"53054.8.569772.TGAACGACTT-ACTCTTCCGA",2
"53055.4.570020.CCGGGCACGG-AACACGCCAC",3
"53055.4.570020.CGTACCGAGT-CATGGCGCGG",2
"53055.4.570020.GCATCATTGA-AGAAGGTCTG",2
"53055.4.570020.TAACGGTATA-TGTCTCTCGG",2
"53055.4.570020.TTAAATGTCA-ACGGGTGTTG",2
"53056.1.570120.AAACGCCAGT-CGGGAGTGGG",2
"53056.1.570120.AACACCTATA-TATAAGATTC",3
"53056.1.570120.AACCTCTAAC-AAGTGAGCGG",3
"53056.1.570120.AACGGTTACA-ACCTGAGGAC",3
"53056.1.570120.ACACGCCGCA-TCTCAGATCT",2
"53056.1.570120.ACATGCCCAT-CCTTCTTATT",3
"53056.1.570120.ACGCACATTT-GTGTGTTCAT",3
"53056.1.570120.ACTATCCCGG-AACACATATG",2
"53056.1.570120.AGCTGTCCTG-GTCTTACATG",2
"53056.1.570120.ATATCCATCT-GTAGTAGCGA",2
"53056.1.570120.CAAATAGATG-TCGTTCGTAA",3
"53056.1.570120.CAATCTGATT-CTCGAACACA",3
"53056.1.570120.CACAGCTTAC-CCCGGTTAGC",3
"53056.1.570120.CAGTTCAAGC-TTGGTCTTGG",3
"53056.1.570120.CGACATAAAG-CACTATGATT",2
"53056.1.570120.CGTAGTAGTA-AAGGAATGTT",2
"53056.1.570120.CGTATTCGAT-GATCCCGGTC",3
"53056.1.570120.GACCGAACCT-ATACATGCTG",3
"53056.1.570120.GAGCAAAGTA-ATGTTCGCCA",3
"53056.1.570120.GCAAACTATT-CTAGAACTAC",3
"53056.1.570120.GCCAGGAGAT-TCCTATGAGT",2
"53056.1.570120.GCGAGGCACT-GTGCATCGGG",3
"53056.1.570120.TAAGAGGCAG-GCGGGACGAG",3
"53056.1.570120.TACGGCGCGA-CAGTCTTAAG",3
"53056.1.570120.TCAATCCGGT-CAGCCCAGTC",2
"53056.1.570120.TCCGAGGAAG-CTGTAGTGAG",3
"53056.1.570120.TGTAACAAGA-CTGTTGAGCA",2
"53056.1.570120.TGTTATTATT-TCTCGGTGGA",3
"53056.1.570120.TTCTTGTAAC-GAGGTCCCGA",3
"53056.1.570120.TTTAATCGGT-CACACAAAGG",2
"53056.6.570474.AACACGAGTC-CTGGGAGAAA",3
"53056.6.570474.ACAACCAGCT-CGTACGATGA",2
"53056.6.570474.ACAACTCACT-CTGGCATTCT",2
"53056.6.570474.ACGAATTCCG-TATCCAAGTT",3
"53056.6.570474.AGACAGTACG-ATTGTCACGG",3
"53056.6.570474.AGAGAAATAT-ATTCAAGGCG",3
"53056.6.570474.AGGGACAAGG-CCTGCTCCGT",3
"53056.6.570474.AGTCCCTCGT-TCAATAGTTT",2
"53056.6.570474.AGTCCGCAGA-CGCGGAGCTA",2
"53056.6.570474.ATAACCTAGA-GATACTTCCA",3
"53056.6.570474.CAAGATCTGT-TAAACGTAGA",3
"53056.6.570474.CACAGACCTG-TAGATGAGTT",3
"53056.6.570474.CACGCTTCAA-TGTAGCGGAC",2
"53056.6.570474.CATGAACTTA-ATCGATTTAG",2
"53056.6.570474.CCCGATAATC-TGACCATTGA",3
"53056.6.570474.CCGCGTTGAC-TCATATCTGT",2
"53056.6.570474.CCGGCAGCAG-TCTGCAACCG",2
"53056.6.570474.CCTATATCTT-CGAACGGGAT",2
"53056.6.570474.CGAAACATGA-CATGCGAGCA",2
"53056.6.570474.CGCCCTTCCT-CCTGAGAGAC",2
"53056.6.570474.CGCTCCGACA-CCATACGCTA",3
"53056.6.570474.CGGGCTAGGA-GATACGAGCT",3
"53056.6.570474.CTTCTCGCTG-ATGGGTTAGC",2
"53056.6.570474.GCACTCAGCT-CAATCGGTGT",3
"53056.6.570474.GCTCGCCCAC-TTGTGCGTCG",2
"53056.6.570474.GTAGTAGACA-CAGGCTTTCG",2
"53056.6.570474.TAATAAGCGA-AGCAATCAAC",2
"53056.6.570474.TCATTCTATG-ATTGAGGTGG",3
"53056.6.570474.TCTGTTCCCT-AGGTGTGTTT",3
"53056.6.570474.TGAGTAGAGT-CGAACATGGT",2
"53056.6.570474.TGTTTCATCG-CCCTCACTAC",3
"53056.6.570474.TTACCATGGT-TTTAGTTCTT",3
"53057.1.570876.AAACGTGCTC-GCTACCACAC",3
"53057.1.570876.AAAGACCCGG-GAGTTTGAGA",2
"53057.1.570876.AATTAAGAGG-GTACCCGGCA",2
"53057.1.570876.ACGGTCGGCT-TGCCGCGATA",2
"53057.1.570876.AGCAAATTGC-TTTAGGCTCG",3
"53057.1.570876.AGCCTTCATC-AGACAGGTCT",2
"53057.1.570876.AGGCGTTTGA-GTCTCAAGAC",2
"53057.1.570876.ATGCCTCTTT-CTGACAAATA",2
"53057.1.570876.ATGTCGGATA-CGAGTTCACA",2
"53057.1.570876.ATTCTTCGTG-CTCTAGTATC",2
"53057.1.570876.CAGATCGAAA-CGTACCTTAC",2
"53057.1.570876.CCACCCTCTG-TGAGCAGGGA",2
"53057.1.570876.CCAGGAAATG-AGGGATTGAA",2
"53057.1.570876.CCCGGACAAG-CAGTACCGTG",3
"53057.1.570876.CCGCAGGAGA-AGATGAGATT",3
"53057.1.570876.CCGCCTAGTC-CTGCTTGCCA",3
"53057.1.570876.CCGGGCACGG-AACACGCCAC",2
"53057.1.570876.CGAATTGCCT-AAGGTATTTC",2
"53057.1.570876.CGTACCGAGT-CATGGCGCGG",2
"53057.1.570876.GAAACCTAAT-GAGAGGTCTT",3
"53057.1.570876.GCAAGCGATC-ACTTCTGCGC",2
"53057.1.570876.GCTAGTTTAT-TTTATCTCTA",2
"53057.1.570876.GTCTTGGTAA-TGACAAGTGT",2
"53057.1.570876.GTTGGACCTA-TGTAGGTGAA",2
"53057.1.570876.TAACGGTATA-TGTCTCTCGG",2
"53057.1.570876.TAGTATTGTT-GAAGCATTTG",2
"53057.1.570876.TATGCGGTCG-GAGAACTCTA",3
"53057.1.570876.TCTTAAATAC-GCATTTGAGG",3
"53057.1.570876.TGCTTAAAGA-AGCGAAGTCT",2
"53057.1.570876.TGGCCTGCGT-ACGGAAGGTA",3
"53057.1.570876.TTAAATGTCA-ACGGGTGTTG",2
"53057.1.570876.TTGGATCAAG-ACATTCTCAA",3
"53057.2.570913.AAGGCTGCAT-AAACTGTAGG",3
"53057.2.570913.AAGGGAAGCG-ATCTTTAGCA",2
"53057.2.570913.AATAGAGATA-ACGCGGCCCT",2
"53057.2.570913.AATCGCTCGG-AGCAGTTTGG",2
"53057.2.570913.ACATGTGACA-GATCTTAGTA",2
"53057.2.570913.ATCCCAGCTA-CGTGTTAGTC",2
"53057.2.570913.CACCCGCGAA-GAGACCGGGT",3
"53057.2.570913.CATCTGCCTC-AGAGTATCGC",2
"53057.2.570913.CCACGTAGGA-GCATCTTGTT",2
"53057.2.570913.CCCAGTAACG-TGGTTACCCT",2
"53057.2.570913.CCCATAATCA-AACATCTATT",2
"53057.2.570913.CCCTCAATTA-AATGCCGTGA",2
"53057.2.570913.CCGACTGATT-ATCGTGCGCT",3
"53057.2.570913.CCTCAATCGA-GCCGTACGGC",3
"53057.2.570913.CGCTATACGT-CTGCATAACT",2
"53057.2.570913.CGGCCAGTCT-CTGTGCTTAT",2
"53057.2.570913.CTAGTAATAA-CCAGGCACGG",2
"53057.2.570913.CTTTCTGTCT-GCAGTAATCG",3
"53057.2.570913.GACAGAAAGT-CGTTGACGTG",3
"53057.2.570913.GATTATAACA-TTGCGCACCG",2
"53057.2.570913.GCACCCTAAC-CCCGTCGTTG",2
"53057.2.570913.GCGCCCGATG-CGATCGTCGA",3
"53057.2.570913.GCTCCGCCGA-AGCGGCTTTA",2
"53057.2.570913.GTAGAGTCTA-CATCAAACGC",3
"53057.2.570913.GTCATGAGCG-GTACCCTCTT",2
"53057.2.570913.TACTTCTTAA-CTGTGAGGAT",2
"53057.2.570913.TATAACACGC-TCGCGGTTGT",2
"53057.2.570913.TCATCGCGAA-ATCGTGTCGG",3
"53057.2.570913.TCGTTGGGAG-CGTGCTATAT",2
"53057.2.570913.TGCCTGTTAT-GCCCATGGGC",2
"53057.2.570913.TGGCCACTTG-TATACGATGT",2
"53057.2.570913.TGGTCCAGGG-ATTATGGTAG",2
"53057.2.570913.TTAAGAGGTC-CATGAAACAT",3
"53057.2.570913.TTCCTAGTAC-ATGCCTTCTT",2
"53057.3.570950.AAACTGTCTA-AACCCGCATA",2
"53057.3.570950.AAAGGCTAGA-GATTCAGTTA",2
"53057.3.570950.AAGCTGGTGC-ACGGCATTTA",3
"53057.3.570950.AAGGCATATT-TGCAATACTT",3
"53057.3.570950.ACACCTAGAT-GAGATGGCGG",2
"53057.3.570950.ACTGGTGTGA-AGTGTATTCA",3
"53057.3.570950.AGAAGGGACA-ATGTGACCCT",3
"53057.3.570950.ATCAGGGCTG-CTAACAGCGT",3
"53057.3.570950.CACAAGTGGC-GAGTCCGCAT",2
"53057.3.570950.CAGTCCTGCA-GAAAGCCTGT",3
"53057.3.570950.CAGTTAGGAG-CTGAACATAC",2
"53057.3.570950.CATTCCCTGT-CTGCGGGCCT",3
"53057.3.570950.CCATTACGTC-TCTTTCGGGA",3
"53057.3.570950.CCCGGTAGAA-TCTGTTCGTC",2
"53057.3.570950.CCTCGTCTAG-ACAGGACTAT",2
"53057.3.570950.CGAATAACAG-CTTGCACTGG",3
"53057.3.570950.CGCCTCCTTG-TTCCTAAGCT",3
"53057.3.570950.CGGCGGTACG-GCGGGTGCAG",2
"53057.3.570950.CGGGATGTGG-TTAGTTATTT",2
"53057.3.570950.CGTATGGGTC-CCTGCCTCAC",2
"53057.3.570950.CGTGATTATA-ACCGTAATAT",2
"53057.3.570950.CTGCAGAGAC-ACATTTAGTA",2
"53057.3.570950.CTTTCCATAG-CCTTTCTTTG",2
"53057.3.570950.GAATTTCTCG-ACTCGCGACT",3
"53057.3.570950.GAGTTCTGTC-CGGTGGACTC",2
"53057.3.570950.GATCCATGAA-ATCAAATTAA",3
"53057.3.570950.GCGCCTACCT-AATCGATTTC",2
"53057.3.570950.GTCCTAGTGG-ACCGTATCTT",2
"53057.3.570950.GTGCGAGGTT-CCTGGGCTTA",3
"53057.3.570950.GTTGACAGAA-AATGCGTGTA",2
"53057.3.570950.TAGGTGGTTT-TAGGTAATAA",2
"53057.3.570950.TCAACTATCA-AAACTTTGAC",2
"53057.3.570950.TCTTATCACT-TTGATTCAGC",3
"53057.3.570950.TGGCGCGGGA-GCAAGAGTCA",2
"53057.4.570987.AAACAATAGT-ACCTACTGAA",2
"52842.1.471593.AATCGCCA-ATTGGTGC_53057.4.570987.AAACGCACAC-CTGTGCCGTT.merged",2
"53057.4.570987.AACGCATAGC-ACCAGGCGCA",2
"53057.4.570987.AACGTCCCGA-CTCTCAGGCT",2
"53057.4.570987.AAGGCCGTTC-CAATCATGCT",2
"53057.4.570987.AAGTGTTTAA-ACCAGACAAC",2
"53057.4.570987.AATACCTAAG-TTCTGTAATA",3
"53057.4.570987.ACACCCTCGC-TCAGCCTTAC",2
"53057.4.570987.ACATCCCGGT-TATTGCACCG",3
"53057.4.570987.ACCTTTAAGA-ATCCGAGGGA",3
"53057.4.570987.ACGGGTGAGC-GTTTCCGTAC",2
"53057.4.570987.AGAGACCCTT-TCCAGTGCCT",2
"53057.4.570987.ATAAAGGACT-AGAGTAGTCG",2
"53057.4.570987.ATCAACCCTG-CACCCTAAGC",3
"53057.4.570987.CAACCTGTGT-CTCAGCTTTC",2
"53057.4.570987.CAAGAACCAC-TTACGTTTGT",2
"53057.4.570987.CATACGGCAT-GCAAGGTGTT",2
"53057.4.570987.CCACCCGCCT-TACAGGAAGC",2
"53057.4.570987.CCGCGCAGCA-GATCCTTATG",2
"53057.4.570987.CCGCTGCAGT-TGTTGCGGCG",2
"53057.4.570987.CGATAGAGTC-GTCTTCTTAC",3
"53057.4.570987.CGGCCGCCAC-CGCCTGGGCA",3
"53057.4.570987.CTGAATAGCA-CGTGCATTGA",3
"53057.4.570987.CTTCATCTTA-GTATGGTCCG",2
"53057.4.570987.GACCACGCTA-ACTGGAAAGT",2
"53057.4.570987.GAGACTCCTC-CGCGCTTGTC",2
"53057.4.570987.GTACTGCAAG-ACATGAGCGC",2
"53057.4.570987.GTCGGGTCTT-CTAAATCGTC",2
"53057.4.570987.TCCGTGAAGC-CGCATCGTTT",3
"53057.4.570987.TCGTTCGTAA-CTCGAACCGG",3
"53057.4.570987.TGGCCGGGAT-GATGACTGGG",2
"53057.4.570987.TTTGGGTGCG-CCGAAGCGTT",2
"53057.5.571024.AACTGGGCAT-ACTGTCCCTA",3
"53057.5.571024.AAGACGTGTT-TATAGCAATA",3
"53057.5.571024.AAGCTGGTGC-ACGGCATTTA",2
"53057.5.571024.ACAATTCAGC-CCGTTGCTCG",2
"53057.5.571024.ACACCTAGAT-GAGATGGCGG",3
"53057.5.571024.ACGCAACTCA-AACTTAAGTC",3
"53057.5.571024.ACTAGTAGGC-TTGTAGAGTT",3
"53057.5.571024.AGAAGGGACA-ATGTGACCCT",3
"53057.5.571024.ATAGAATTCT-CCTTGTGGCG",3
"53057.5.571024.ATCAGGGCTG-CTAACAGCGT",3
"53057.5.571024.ATTAGGTATG-ACAGGTTTGT",2
"53057.5.571024.CACAAGTGGC-GAGTCCGCAT",2
"53057.5.571024.CAGTCCTGCA-GAAAGCCTGT",2
"53057.5.571024.CCCGGTAGAA-TCTGTTCGTC",3
"53057.5.571024.CCGGCTCTGA-CTTGTTCGTA",2
"53057.5.571024.CGAATAACAG-CTTGCACTGG",3
"53057.5.571024.CGCCTCCTTG-TTCCTAAGCT",2
"53057.5.571024.CGGCGGTACG-GCGGGTGCAG",3
"53057.5.571024.CTGCAGAGAC-ACATTTAGTA",3
"53057.5.571024.GACATCTCGC-GCTCTTGTCG",2
"53057.5.571024.GAGAGTGTAT-CGAAGATAAA",2
"53057.5.571024.GAGTTGACAT-AGTAATTGAG",3
"53057.5.571024.GATCCATGAA-ATCAAATTAA",2
"53057.5.571024.GCGCCCGATG-CGATCGTCGA",3
"53057.5.571024.GCGCCTACCT-AATCGATTTC",3
"53057.5.571024.GTAACACCAG-TAGGTCGTCA",3
"53057.5.571024.GTACATGGAA-CGTTTACGCT",2
"53057.5.571024.GTCCGCTGTC-ATACTCAGTG",3
"53057.5.571024.GTCCTAGTGG-ACCGTATCTT",3
"53057.5.571024.TAAAGATGAC-GCGTATCGTG",3
"53057.5.571024.TAGTTGTTAT-GTCATAAGAT",2
"53057.5.571024.TGTGCTTGCT-CAATGTCCGG",3
"53057.7.571154.AAACACGTAC-CCGAACTGGC",3
"53057.7.571154.AAAGAATGTA-ATAGTGGTTG",2
"53057.7.571154.AAAGGGATGA-ACTTTAATGT",2
"53057.7.571154.AAATACGCAG-GAGATAGGCG",2
"53057.7.571154.AAATATCCAC-TCGGAATGGA",3
"53057.7.571154.AATCAGCATA-GAACCACTCT",2
"53057.7.571154.AATCATAAAT-TGATCGCTGG",2
"53057.7.571154.ACAGCGAATT-TGACGGAATC",3
"53057.7.571154.ACATTGCCTT-TCGATAACTC",2
"53057.7.571154.ACGCCAATGC-AACGTACTTT",2
"53057.7.571154.AGCGGTAACT-AGTCCAGTGT",3
"53057.7.571154.AGCGTTGCCA-GACCCGCGCT",2
"53057.7.571154.AGGAACTCCA-CCTTAGGGTC",2
"53057.7.571154.ATCCACATGG-CTGGCTCCTC",2
"53057.7.571154.ATGAATCACA-GACATTGACT",2
"53057.7.571154.CCAAGATTTA-ACGTCTTTGC",2
"53057.7.571154.CGCAGTGATA-ACACCTCGAC",2
"53057.7.571154.CTGTAGCCGG-AAATGTAAAG",3
"53057.7.571154.GAAGACCTTC-TTCTTATGGT",3
"53057.7.571154.GAATTAGGAT-CTAAACGCTC",2
"53057.7.571154.GAGGCGCTCT-TCAGCCACTC",3
"53057.7.571154.GATGTGTAGT-GCTATAGGCT",2
"53057.7.571154.GCACGGTTCT-CTGTTAGATT",2
"53057.7.571154.GCATGGAGGG-CATCTGACTT",2
"53057.7.571154.GCGGATATTT-ATAATACGGT",3
"53057.7.571154.GTTACTGGTG-TCTCAACTAT",2
"53057.7.571154.TCATGCCCTA-CCTTAACGGC",2
"53057.7.571154.TCGTGCAGCG-GTTAAGGCAA",3
"53057.7.571154.TGACAGCCGT-GCGGGATTCT",2
"53057.7.571154.TTACTATAGA-TGAGAGCGTT",2
"53057.7.571154.TTAGGCAGGA-TTGATATACA",2
"53057.7.571154.TTCCGCGCAT-GTTATAGCCA",2
"53057.7.571154.TTCGGATCGG-ACGGTCCTTC",2
"53057.7.571154.TTCTTTGGGT-AACACCGAGC",2
"53057.8.571191.AAACGAGAGG-CTAGCGTCTA",3
"53057.8.571191.AAATAATGAC-ACCTCAGGGT",2
"53057.8.571191.AACAGGACGG-GATATATTAT",3
"53057.8.571191.AATCCCGACT-GCGTCAAGGC",2
"53057.8.571191.AATGTCGCGG-GCGTAGTCCA",3
"53057.8.571191.ACACACGTCT-TTGTCTCCTA",2
"53057.8.571191.ACATCCATGA-AAGGGACATC",2
"53057.8.571191.ACGTTCAATT-GTAGCGAGCT",3
"53057.8.571191.AGCAGTGCAG-TGATCCGGCT",2
"53057.8.571191.AGCGAACAGG-ACTATATGGT",2
"53057.8.571191.ATAGGAGTGG-TAACCAGTGG",2
"53057.8.571191.ATTCCGGGCT-CTAAACCACT",2
"53057.8.571191.ATTCCGTCCA-TAGGTAACGC",2
"53057.8.571191.CAGAGCCCGG-TACACGTTGC",2
"53057.8.571191.CAGTAGCTAT-ATGACCATAA",3
"53057.8.571191.CCCGCGATGC-GAACTTTGGA",2
"53057.8.571191.CCGCCCGGAC-GCGAACGCTC",2
"53057.8.571191.CTCAGGACAT-CGACCTTCAT",2
"53057.8.571191.CTCCACGGAC-GTAGGTGGTG",2
"53057.8.571191.CTGACCCTTA-AAATACAGTT",2
"53057.8.571191.CTGCACCTTG-TGGTCAGTCG",2
"53057.8.571191.GAAGTTCCGG-TCCATTGTCG",2
"53057.8.571191.GACGATTCTT-TCGATGACCT",2
"53057.8.571191.GATGATTGAC-CATATGACCA",3
"53057.8.571191.GCCCGATGGA-CCGTACAAGA",2
"53057.8.571191.GCCTAAATCA-ATAGATTCTT",2
"53057.8.571191.TAGCGATAGC-GACAGCGCCA",2
"53057.8.571191.TATAGGACAG-AAGTCGGATG",3
"53057.8.571191.TCCTAAGTGA-GTGGTAAGGC",2
"53057.8.571191.TGGAACTTGG-TGCGCGGCTC",2
"53057.8.571191.TGTCTAGGGT-GATCAAATGT",3
"53057.8.571191.TTAGCCAGTG-CGAGACCCAT",3
"53057.8.571191.TTGACCCGGT-ATGAGAGGCG",3
"53057.8.571191.TTGGTGCCAC-GTTGACACAA",2
"53058.8.571540.AACAGGGTCT-TTGCGCGGGT",2
"53058.8.571540.AAGCCTTGCT-CTAGTTTCCT",2
"53058.8.571540.ACAGGTTTGT-GTGGGACTTT",2
"53058.8.571540.ACCAAGTGCT-TAACCTCTGA",2
"53058.8.571540.AGAAACTGGC-CCAGTGTATA",2
"53058.8.571540.AGCGAGGCGA-TGGTATCGTC",2
"53058.8.571540.AGTGTGCCAA-GAGCAGTCAT",2
"53058.8.571540.ATAAACACTA-TTCACAAGTG",2
"53058.8.571540.ATACCTTAGC-TCTTGACCTC",2
"53058.8.571540.CACCCAATGT-GTTATTTCAT",2
"53058.8.571540.CATGGGTCGT-TCCAGGCCAC",2
"53058.8.571540.CGGGACCGCG-GTGAACGGAG",2
"53058.8.571540.CTCTCCGGTC-CCAGCCGAGA",2
"53058.8.571540.CTGGAGGGAG-GCTATCAAGC",2
"53058.8.571540.GAAAGAGCAC-CCTTATATCA",2
"53058.8.571540.GACCAGATTG-ATGCGAACTG",2
"53058.8.571540.GAGCTCAGAC-TCACTGAGTC",2
"53058.8.571540.GCAAGTGGAA-TAAACCCTAG",2
"53058.8.571540.GCATCATTGA-AGAAGGTCTG",2
"53058.8.571540.GCGAGACCGA-GCACTTACAA",2
"53058.8.571540.GCGCCAAGAT-CGAAATTGTG",2
"53058.8.571540.GTGGCCGAGG-ATCACCTCGT",2
"53058.8.571540.GTTGAACGAG-TCTATGCGCA",2
"53058.8.571540.GTTGTTCCGA-ACAGGGCGGT",2
"53058.8.571540.TAACTACAGC-TCCGGCGGCG",2
"53058.8.571540.TAAGAGGACT-ATCTGGGTTG",2
"53058.8.571540.TACGCGTATC-TGATGTGCCA",2
"53058.8.571540.TATATCCAAA-CTCGTCCATT",3
"53058.8.571540.TCACCTTTCG-ACCGCTACGC",2
"53058.8.571540.TCTCATCAAG-TCGTAATCGG",2
"53058.8.571540.TCTCTCGGCG-CTGCCGGCTG",2
"53058.8.571540.TGGCAGTAAT-CCGGTAGCAG",3
"53058.8.571540.TGGCTGAGCA-GTCTCCGCCT",2
"53061.2.571612.AAACGTGCTC-GCTACCACAC",3
"53061.2.571612.AAGGGAAGCG-ATCTTTAGCA",2
"53061.2.571612.ACCCAATAAA-GTATTTGCCT",3
"53061.2.571612.ACGGTCGGCT-TGCCGCGATA",2
"53061.2.571612.AGCAAATTGC-TTTAGGCTCG",2
"53061.2.571612.ATCCCAGCTA-CGTGTTAGTC",3
"53061.2.571612.CACCCGCGAA-GAGACCGGGT",2
"53061.2.571612.CAGATCGAAA-CGTACCTTAC",3
"53061.2.571612.CATCTGCCTC-AGAGTATCGC",3
"53061.2.571612.CCACCCTCTG-TGAGCAGGGA",2
"53061.2.571612.CCAGGAAATG-AGGGATTGAA",2
"53061.2.571612.CCGCAGGAGA-AGATGAGATT",2
"53061.2.571612.CCGCCTAGTC-CTGCTTGCCA",3
"53061.2.571612.CGTGGGCAAT-AGTGTCGTTC",2
"53061.2.571612.GCAAGCGATC-ACTTCTGCGC",3
"53061.2.571612.GCTAGTTTAT-TTTATCTCTA",2
"53061.2.571612.TAGTATTGTT-GAAGCATTTG",3
"53061.2.571612.TATGCGGTCG-GAGAACTCTA",2
"53061.2.571612.TCATCGCGAA-ATCGTGTCGG",2
"53061.2.571612.TCTTAAATAC-GCATTTGAGG",2
"53061.2.571612.TGGCCTGCGT-ACGGAAGGTA",3
"53061.2.571612.TTGGATCAAG-ACATTCTCAA",3
"53061.3.571643.AAAGCCAATG-TAAGTCTAAT",2
"53061.3.571643.AACGTGTGCG-TGGTCCTCTG",2
"53061.3.571643.AAGCATACTA-TGTGGTCAAT",2
"53061.3.571643.AAGGCTGCAT-AAACTGTAGG",2
"53061.3.571643.AATAGAGATA-ACGCGGCCCT",3
"53061.3.571643.AATCGCTCGG-AGCAGTTTGG",2
"53061.3.571643.AATCTCGGTC-AGGTGTATGC",2
"53061.3.571643.ACATGTGACA-GATCTTAGTA",2
"53061.3.571643.AGAAAGTGAT-TCCTTTGGAC",2
"53061.3.571643.CCACGTAGGA-GCATCTTGTT",2
"53061.3.571643.CCGACTGATT-ATCGTGCGCT",3
"53061.3.571643.CCTCAATCGA-GCCGTACGGC",2
"53061.3.571643.CGCTATACGT-CTGCATAACT",2
"53061.3.571643.CGGCCAGTCT-CTGTGCTTAT",2
"53061.3.571643.CGTGGAACAG-CGCTGTTCGG",2
"53061.3.571643.CTTTCTGTCT-GCAGTAATCG",2
"53061.3.571643.GACAGAAAGT-CGTTGACGTG",3
"53061.3.571643.GATTATAACA-TTGCGCACCG",2
"53061.3.571643.GCACCCTAAC-CCCGTCGTTG",2
"53061.3.571643.GCCAAACCTG-TTGGCCGAGG",2
"53061.3.571643.GCCAGCCAGA-CTCAATTTGG",2
"53061.3.571643.GCTCCGCCGA-AGCGGCTTTA",2
"53061.3.571643.GTAGAGTCTA-CATCAAACGC",2
"53061.3.571643.GTCATGAGCG-GTACCCTCTT",2
"53061.3.571643.TACTTCTTAA-CTGTGAGGAT",2
"53061.3.571643.TATAACACGC-TCGCGGTTGT",3
"53061.3.571643.TCGTTGGGAG-CGTGCTATAT",2
"53061.3.571643.TGCCTGTTAT-GCCCATGGGC",2
"53061.3.571643.TGCGTCTTCG-CTAATGATGT",2
"53061.3.571643.TGGCCACTTG-TATACGATGT",2
"53061.3.571643.TGGTCCAGGG-ATTATGGTAG",3
"53061.3.571643.TTAAGAGGTC-CATGAAACAT",3
"53061.3.571643.TTCCTAGTAC-ATGCCTTCTT",2
"53062.1.571865.CTCCGATGGG-TTGTAACTTT",2
"53062.1.571865.TAATACGTTG-TTTGAGGGCG",2
"53062.4.571946.AAACTTGTTG-GCAATCTCGG",2
"53062.4.571946.ACGCATTCAC-ATTTATGGGC",2
"53062.4.571946.ACGTTAGCCG-CTTACAATCT",3
"53062.4.571946.AGAAGCGTAG-GTACTGTTAC",2
"53062.4.571946.ATAAAGCGAA-TCGCGGAACA",3
"53062.4.571946.ATTAGATGGC-AGGACGGCTC",3
"53062.4.571946.CAAACCCTAA-TCTAAGGGTT",3
"53062.4.571946.CCGGTTTACT-GCTAACATGG",2
"53062.4.571946.CGTTAGTTCA-CACTGCCTGT",3
"53062.4.571946.CTAGGGCCGC-TGGCTCTGTT",2
"53062.4.571946.CTTCTGCGAC-CTCATCATGG",3
"53062.4.571946.GACACAGGGC-TTGGTAATTG",3
"53062.4.571946.GACCGCGAAG-TCTGACCTGT",3
"53062.4.571946.GACTCCAACA-AGGACTATCG",3
"53062.4.571946.GCCTATACTC-GCGCCCGCGT",3
"53062.4.571946.GTGCTGGGCA-TGTTCAATCA",2
"53062.4.571946.GTGTAAGCGG-CACTGGTAGT",2
"53062.4.571946.TAAAGCAATG-TTCGAGGGAC",2
"53062.4.571946.TCACAGAGTA-GTTGATGCGG",2
"53062.4.571946.TGCACTTCCG-GTACAAAGCG",3
"53062.4.571946.TGCGACCAGA-TTTCTTGCCT",2
"53062.4.571946.TTAGGTTATG-CCCATGTGGT",2
"53062.4.571946.TTCCTTTAAT-CCCATAGCGG",2
"53062.4.571946.TTCGCTACTG-CACTGAATGC",2
"53062.4.571946.TTGGAGAAAC-GCAAGCGTTT",2
"53065.5.573995.AACTGCCCGG-AGTCACAATG",2
"53065.5.573995.ACCGCCTTAG-ACCTCCTTCT",2
"53065.5.573995.AGAACACTAC-TCGTTACCAC",2
"53065.5.573995.CAGCTTGGCA-TTCCTGGGTT",2
"53065.5.573995.CCAATCTAGT-CCGAGATAAC",2
"53065.5.573995.CTAGCGGTTC-AAGAACGGCT",2
"53065.5.573995.GAACGTGGAT-AAGACGCGTT",2
"53065.5.573995.TGAGGTAAGA-CTCTGCAAGC",2
"53065.6.574182.AAATAATGAC-ACCTCAGGGT",3
"53065.6.574182.AAGACGTGTT-TATAGCAATA",2
"53065.6.574182.ACAATTCAGC-CCGTTGCTCG",2
"53065.6.574182.ACTAGTAGGC-TTGTAGAGTT",2
"53065.6.574182.ATAGAATTCT-CCTTGTGGCG",3
"53065.6.574182.GAGAGTGTAT-CGAAGATAAA",2
"53065.6.574182.GTAACACCAG-TAGGTCGTCA",3
"53065.6.574182.TAGTTGTTAT-GTCATAAGAT",2
"53065.6.574182.TATAGGACAG-AAGTCGGATG",3
"53065.6.574182.TCGCCGTTAT-AACTTATGGA",2
"53090.7.582090.ACGCACGCTA-AGGTTATATG",2
"53090.7.582090.ACGGGCGTCG-GTGCCAGAAA",2
"53090.7.582090.AGCGAGGCGA-TGGTATCGTC",2
"53090.7.582090.AGGATGTGCG-GTCGTGTAGC",2
"53090.7.582090.AGGCGCAGTA-TTGGATTGGT",2
"53090.7.582090.AGGTAGTGCT-CCAATCACAG",2
"53090.7.582090.AGTGTGCCAA-GAGCAGTCAT",2
"53090.7.582090.ATAAGGAATC-AGGTGTACTG",2
"53090.7.582090.ATAGAAGAAG-ATTGCAGCTA",2
"53090.7.582090.ATGGCGTAAG-CCATTTCTAC",2
"53090.7.582090.CACTCTCTTA-AACCCGATAC",2
"53090.7.582090.CAGGAGTGTT-CGTTAGTAAC",2
"53090.7.582090.CCACTCGAGC-AGGACTCTTC",2
"53090.7.582090.CGGCGTGGGC-CGGCTCTTTA",2
"53090.7.582090.CTAGACATTA-TGCCAAATAT",2
"53090.7.582090.CTCCCTCATT-TCTATTACGG",2
"53090.7.582090.CTCTCCGGTC-CCAGCCGAGA",2
"53090.7.582090.GACCAGATTG-ATGCGAACTG",2
"53090.7.582090.GAGCTCAGAC-TCACTGAGTC",2
"53090.7.582090.GATCCTCGAT-ACGTTGTATA",2
"53090.7.582090.GCCTCGAGAG-AGCCTTTGGA",2
"53090.7.582090.GCGCGGAATC-GCGTAACTAC",2
"53090.7.582090.GTGAAGAGTA-AATAAGTGGC",2
"53090.7.582090.GTTAGGCTCG-ATGTAGTCGT",2
"53090.7.582090.GTTGCGGTGA-CATGTCGGAG",2
"53090.7.582090.TAACGGTCGC-AAATCCCGGG",2
"53090.7.582090.TAAGAGCAAC-CCTGCGGCGA",2
"53090.7.582090.TATTCCCAAG-TATTTCCCGT",2
"53090.7.582090.TCACCTTTCG-ACCGCTACGC",2
"53090.7.582090.TCGGATGCCT-GTTAGGCGAG",2
"53090.7.582090.TCGTGCCGTT-CTAACATAGC",2
"53090.7.582090.TGAACGACTT-ACTCTTCCGA",2
"53090.7.582090.TGTTCCACAT-CGCCTCATGT",2
"53090.8.582127.AACAGGGTCT-TTGCGCGGGT",2
"53090.8.582127.AAGACAACTA-CGGAGATGAT",3
"53090.8.582127.AAGCCTTGCT-CTAGTTTCCT",2
"53090.8.582127.ACACAAGGGT-ACCGACATCG",2
"53090.8.582127.ACAGGTTTGT-GTGGGACTTT",2
"53090.8.582127.ACCAAGTGCT-TAACCTCTGA",2
"53090.8.582127.ACTCCTAGCG-TAAGAGTTTC",2
"53090.8.582127.AGAAACTGGC-CCAGTGTATA",2
"53090.8.582127.ATAAACACTA-TTCACAAGTG",2
"53090.8.582127.ATACCTTAGC-TCTTGACCTC",2
"53090.8.582127.ATGATGTTTG-GTCACCAGAG",3
"53090.8.582127.CACCACTTGA-GTACGAGCCT",2
"53090.8.582127.CACCCAATGT-GTTATTTCAT",2
"53090.8.582127.CATGCTGACG-CGGAATCAAA",3
"53090.8.582127.CATGGGTCGT-TCCAGGCCAC",2
"53090.8.582127.CCCACGACAA-TTGTAAGCCT",2
"53090.8.582127.CGGGACCGCG-GTGAACGGAG",3
"53090.8.582127.CTGGAGGGAG-GCTATCAAGC",2
"53090.8.582127.GAAAGAGCAC-CCTTATATCA",2
"53090.8.582127.GCGCCAAGAT-CGAAATTGTG",2
"53090.8.582127.GTATAGCCGA-TAAGTACTAT",2
"53090.8.582127.GTGGCCGAGG-ATCACCTCGT",2
"53090.8.582127.GTGTCGCAGA-CGGGACAAGC",3
"53090.8.582127.GTTGAACGAG-TCTATGCGCA",3
"53090.8.582127.GTTGTTCCGA-ACAGGGCGGT",2
"53090.8.582127.TAACTACAGC-TCCGGCGGCG",2
"53090.8.582127.TAAGAGGACT-ATCTGGGTTG",2
"53090.8.582127.TACGCGTATC-TGATGTGCCA",2
"53090.8.582127.TATATCCAAA-CTCGTCCATT",2
"53090.8.582127.TCGCCTGGCG-TACTAGACAA",3
"53090.8.582127.TCTCATCAAG-TCGTAATCGG",2
"53090.8.582127.TCTCTCGGCG-CTGCCGGCTG",2
"53090.8.582127.TGGCTGAGCA-GTCTCCGCCT",2
"53093.2.582484.AAACTTGTTG-GCAATCTCGG",2
"53093.2.582484.AAAGACCCGG-GAGTTTGAGA",2
"53093.2.582484.AAGGAGTACG-CGAGAACGTA",3
"53093.2.582484.ACAAGGACGC-CGGTCTTACT",2
"53093.2.582484.ACGCATTCAC-ATTTATGGGC",2
"53093.2.582484.ACGTTAGCCG-CTTACAATCT",2
"53093.2.582484.AGAAGCGTAG-GTACTGTTAC",2
"53093.2.582484.AGCACGTCAG-CTATGCTCCA",2
"53093.2.582484.ATAAAGCGAA-TCGCGGAACA",2
"53093.2.582484.ATGGATGGGT-AGAAATGGGC",2
"53093.2.582484.ATTCTTCGTG-CTCTAGTATC",2
"53093.2.582484.CAAACCCTAA-TCTAAGGGTT",2
"53093.2.582484.CCGGGCACGG-AACACGCCAC",2
"53093.2.582484.CGTACCGAGT-CATGGCGCGG",2
"53093.2.582484.CGTTAGTTCA-CACTGCCTGT",2
"53093.2.582484.CTTCTGCGAC-CTCATCATGG",3
"53093.2.582484.GACTCCAACA-AGGACTATCG",2
"53093.2.582484.GCAAGTGGAA-TAAACCCTAG",3
"53093.2.582484.GCATCATTGA-AGAAGGTCTG",3
"53093.2.582484.GCGACGTCGC-AGATGTCTTG",3
"53093.2.582484.GTCTTGGTAA-TGACAAGTGT",2
"53093.2.582484.GTGCTGGGCA-TGTTCAATCA",2
"53093.2.582484.TAAAGCAATG-TTCGAGGGAC",2
"53093.2.582484.TAACGGTATA-TGTCTCTCGG",3
"53093.2.582484.TGCACTTCCG-GTACAAAGCG",3
"53093.2.582484.TGCTTAAAGA-AGCGAAGTCT",2
"53093.2.582484.TGGCAGTAAT-CCGGTAGCAG",3
"53093.2.582484.TTGGAGAAAC-GCAAGCGTTT",2
"53093.3.582521.AAACCACGCT-ACGTCATACG",2
"53093.3.582521.AAGACAGAAA-ACTTTGTAAC",2
"53093.3.582521.ACAGACAATA-CACCTCCAGG",2
"53093.3.582521.ACCCAGGAGC-CCAACTCGTG",2
"53093.3.582521.ACCCATCTTT-GTCTTCGATT",2
"53093.3.582521.AGAATTCGGG-TCTGCCTCTG",2
"53093.3.582521.AGATTTACTG-TAAGGCGAAC",2
"53093.3.582521.AGTTTGGAAC-CTATGGCACT",2
"53093.3.582521.ATAGAGTGCG-ATAATTGTGT",2
"53093.3.582521.ATTAGATGGC-AGGACGGCTC",2
"53093.3.582521.CATTTCCGTC-ACCTAGTTAT",2
"53093.3.582521.CCACCGGATT-CTGCTCATCG",2
"53093.3.582521.CCGGTTTACT-GCTAACATGG",2
"53093.3.582521.CTACACGCTT-TCATAATGCA",2
"53093.3.582521.CTAGGGCCGC-TGGCTCTGTT",2
"53093.3.582521.CTTAGTGACA-AGCTTGTACT",2
"53093.3.582521.GACACAGGGC-TTGGTAATTG",2
"53093.3.582521.GACCGCGAAG-TCTGACCTGT",2
"53093.3.582521.GATACGGGCA-AGGGCCGAAG",2
"53093.3.582521.GATTTGGACT-GTGATGGCTC",2
"53093.3.582521.GCCTATACTC-GCGCCCGCGT",2
"53093.3.582521.GTAGCGCTCA-GCATATAGGT",2
"53093.3.582521.GTGGACTCGT-ACTCGAAGCG",2
"53093.3.582521.GTGTAAGCGG-CACTGGTAGT",2
"53093.3.582521.GTTCCAATCG-GTGTTCATGG",2
"53093.3.582521.TCAATTTAAG-TTCATCAAGA",2
"53093.3.582521.TCACAGAGTA-GTTGATGCGG",2
"53093.3.582521.TCTCCCGGAA-CTACGCCATT",3
"53093.3.582521.TGCGACCAGA-TTTCTTGCCT",2
"53093.3.582521.TGGAAATCCG-CAACCCAAAG",2
"53093.3.582521.TTAGGTTATG-CCCATGTGGT",2
"53093.3.582521.TTCCGCATGA-GTTTGAAGGC",2
"53093.3.582521.TTCCTTTAAT-CCCATAGCGG",2
"53093.3.582521.TTCGCTACTG-CACTGAATGC",2
"53093.4.582558.AAACGCCAGT-CGGGAGTGGG",2
"53093.4.582558.AACACCTATA-TATAAGATTC",3
"53093.4.582558.AACCTCTAAC-AAGTGAGCGG",2
"53093.4.582558.ACACGCCGCA-TCTCAGATCT",2
"53093.4.582558.ACATGCCCAT-CCTTCTTATT",2
"53093.4.582558.ACGCACATTT-GTGTGTTCAT",2
"53093.4.582558.ACTATCCCGG-AACACATATG",3
"53093.4.582558.AGCTGTCCTG-GTCTTACATG",2
"53093.4.582558.AGGCATTGCG-AATGTAGTCT",2
"53093.4.582558.AGTAAAGAGC-TCTGAGGCTG",2
"53093.4.582558.ATATCCATCT-GTAGTAGCGA",3
"53093.4.582558.ATGGTTATGT-AAGAAGTACG",3
"53093.4.582558.CAAATAGATG-TCGTTCGTAA",3
"53093.4.582558.CAATCTGATT-CTCGAACACA",2
"53093.4.582558.CACAGCTTAC-CCCGGTTAGC",3
"53093.4.582558.CAGTTCAAGC-TTGGTCTTGG",2
"53093.4.582558.CGACATAAAG-CACTATGATT",2
"53093.4.582558.CGCGTGTGAC-TCCAAACTAA",2
"53093.4.582558.CGTAGTAGTA-AAGGAATGTT",2
"53093.4.582558.CGTATTCGAT-GATCCCGGTC",2
"53093.4.582558.GACCGAACCT-ATACATGCTG",2
"53093.4.582558.GAGCAAAGTA-ATGTTCGCCA",3
"53093.4.582558.GCAAACTATT-CTAGAACTAC",2
"53093.4.582558.GCCAGGAGAT-TCCTATGAGT",2
"53093.4.582558.GCGAGGCACT-GTGCATCGGG",2
"53093.4.582558.TAAGAGGCAG-GCGGGACGAG",2
"53093.4.582558.TACGGCGCGA-CAGTCTTAAG",2
"53093.4.582558.TCAATCCGGT-CAGCCCAGTC",2
"53093.4.582558.TCCGAGGAAG-CTGTAGTGAG",2
"53093.4.582558.TGTAACAAGA-CTGTTGAGCA",2
"53093.4.582558.TGTTATTATT-TCTCGGTGGA",2
"53093.4.582558.TTCTTGTAAC-GAGGTCCCGA",3
"53093.4.582558.TTTAATCGGT-CACACAAAGG",2
"53093.7.582824.AACATACTAC-TTTCGTGTCG",2
"53093.7.582824.AACTTTCGTG-CATGGGACCT",2
"53093.7.582824.ACAACAGGAC-GAATAATTAT",2
"53093.7.582824.ACGCTTGTTT-ACCTATACCT",2
"53093.7.582824.ACGGATCGGC-CGCAAAGTCG",2
"53093.7.582824.AGCACCAGAT-AAGCCATCAG",2
"53093.7.582824.ATAGCTGTCG-AACGAACAGC",2
"53093.7.582824.ATCTCCGTAC-AATGAACCGT",2
"53093.7.582824.ATGGAAGTAA-CATCTCATGA",3
"53093.7.582824.CAGTCAAGGG-CAGGTTGAAT",2
"53093.7.582824.CATATGATGC-CCTACCCTGT",2
"53093.7.582824.CATGTCGGTT-TTCACCGTTC",2
"53093.7.582824.CATTCCGGTG-AGGCGTGGAC",2
"53093.7.582824.CCTACTCGTT-AGTTACTAGA",2
"53093.7.582824.CGCTGGTATT-TGTATTACAA",2
"53093.7.582824.CTTGCTTGGT-GTCGGAATTA",2
"53093.7.582824.GAACCTCAGT-GAGGTCTCTT",2
"53093.7.582824.GAAGTGCCAA-ATTTGCCGTG",2
"53093.7.582824.GAGAGACAGC-TGGAGTAGTC",2
"53093.7.582824.GCCAGCCCAG-CCACGTCGTT",2
"53093.7.582824.GCCCTATATG-ACATCTAAGG",3
"53093.7.582824.GCTCGAGGCA-CCATCGGAAG",2
"53093.7.582824.TCCAAGACAT-CGGTCCAGCA",2
"53093.7.582824.TCGTACAATA-CTACTTATGA",2
"53093.7.582824.TGAACTCTCG-ATAGCATAAT",2
"53093.7.582824.TGACGGTCCT-AAATCGCACT",2
"53093.7.582824.TGACTTAGTC-ACCGGCGTAC",2
"53093.7.582824.TGCCAACCTG-CCTCGCGGAA",2
"53093.8.582861.AAACAGGTCG-CTTTATACAT",2
"53093.8.582861.ACAGCCGTAT-CTTAGATGGC",2
"53093.8.582861.ACCGAAAGAT-CCTCTGCCCT",2
"53093.8.582861.ACTAAGCATT-GTGGTAGTCG",2
"53093.8.582861.AGAAGTGCGT-CAGGCACCTA",2
"53093.8.582861.AGAGGCTGGG-GACGCCTCGC",2
"53093.8.582861.AGCTGATGCA-AGTCCTGCGA",2
"53093.8.582861.AGGTTTGAGC-CGACCAGGTA",2
"53093.8.582861.ATAACCAATT-GCTGCCGATA",2
"53093.8.582861.CAAGATGTCG-AACGAGGCTA",2
"53093.8.582861.CACGCAATAG-GACCAACAGT",2
"53093.8.582861.CAGCGCCAAT-ACGCAGATAC",2
"53093.8.582861.CCACAGTTGC-ACTGTGCGAA",2
"53093.8.582861.CCCATATCGA-GAGGTCAGCA",2
"53093.8.582861.CGCCGTGGAG-GAGCGGAATC",2
"53093.8.582861.CTGCTCGACG-CTCACTCTTC",2
"53093.8.582861.GAACACGGCT-AGGCCGGGAA",2
"53093.8.582861.GACAAGTAAC-TTCTCGCGGT",2
"53093.8.582861.GACTTTATTA-CGCGGTCGTA",2
"53093.8.582861.GAGGGACATA-CTAAGCGGGC",2
"53093.8.582861.GCGATTTGGG-GAGTAACCGT",2
"53093.8.582861.GCGCTAACTG-CTTGCCGAGT",2
"53093.8.582861.GCTGTCTGAC-CGAGTCCTGA",2
"53093.8.582861.GTACACATTT-CCAGGCCGCT",2
"53093.8.582861.GTCTTCTCTC-CTTAGCCGAA",2
"53093.8.582861.GTGAGGTGTG-ACTAATGGAC",2
"53093.8.582861.GTGGACAATA-CAAGCTGAGT",2
"53093.8.582861.TACTTACTGG-GTAGGATTTC",3
"53093.8.582861.TCAATTTCGC-GTCCGACCCA",3
"53093.8.582861.TCACCGATAA-GAGTGTGCCT",2
"53093.8.582861.TCCATTGCAC-GATGGTATGA",2
"53093.8.582861.TTATGCATTG-GCAACACAAG",2
"53093.8.582861.TTTCACAAAG-CGAGCACGAC",2
"53097.2.583022.AAGTAGATGT-ACAGTCATAG",2
"53097.2.583022.ACAAATATCT-GAGAATACTT",2
"53097.2.583022.ACAGGGCACT-TCGCTATCGT",2
"53097.2.583022.ACTCCACGCA-GCGGAATATA",2
"53097.2.583022.ATCATAGCGC-TCCGGGTACT",2
"53097.2.583022.ATCTCGGGAA-TGATTGAGTA",2
"53097.2.583022.ATTAACTGTT-TCGACGCGGT",2
"53097.2.583022.CAATCCTATG-TTTACACCTA",2
"53097.2.583022.CAGACGATGG-GCCGGACAAT",2
"53097.2.583022.CATAAACGTT-CTCCCATTGC",2
"53097.2.583022.CATCGATTAG-GAACGGCAAA",2
"53097.2.583022.CCCACGAATG-GAAGATAGGA",2
"53097.2.583022.CGCTCCAGCT-TGTGCGAGGA",2
"53097.2.583022.CGGGTGGGTG-TGCACCGGCA",2
"53097.2.583022.CGTGGCGCGC-TGGATTTCTC",2
"53097.2.583022.CTCTGTCGTG-TGTTGTGCAG",2
"53097.2.583022.CTGATTCGGA-TTGCTACAAA",2
"53097.2.583022.GTACCGAGCG-ACACTGTGGC",2
"53097.2.583022.TAGCGTGAGT-TTCTGCGCTA",2
"53097.2.583022.TATTCACCAT-TAGCAATATG",2
"53097.2.583022.TCATCAAAGG-ACGCCAGCGA",2
"53097.2.583022.TCCTAGATTA-CCTGAGCTGC",2
"53097.2.583022.TGTCGCGCAA-AATTGGGTCG",2
"53097.3.583059.AAACGTGCTC-GCTACCACAC",2
"53097.3.583059.AACGTGTGCG-TGGTCCTCTG",2
"53097.3.583059.AAGGCTGCAT-AAACTGTAGG",2
"53097.3.583059.AAGGGAAGCG-ATCTTTAGCA",2
"53097.3.583059.AGCAAATTGC-TTTAGGCTCG",2
"53097.3.583059.CATCTGCCTC-AGAGTATCGC",2
"53097.3.583059.CCACGTAGGA-GCATCTTGTT",2
"53097.3.583059.CCAGGAAATG-AGGGATTGAA",2
"53097.3.583059.CCCTCAATTA-AATGCCGTGA",2
"53097.3.583059.CCGACTGATT-ATCGTGCGCT",2
"53097.3.583059.CCGCCTAGTC-CTGCTTGCCA",2
"53097.3.583059.GACAGAAAGT-CGTTGACGTG",3
"53097.3.583059.GTAGAGTCTA-CATCAAACGC",2
"53097.3.583059.TAGTATTGTT-GAAGCATTTG",2
"53097.3.583059.TCTTAAATAC-GCATTTGAGG",2
"53097.3.583059.TGGCCTGCGT-ACGGAAGGTA",2
"53097.3.583059.TTAAGAGGTC-CATGAAACAT",2
"53097.3.583059.TTCCTAGTAC-ATGCCTTCTT",2
"53097.4.583096.AAACTGTCTA-AACCCGCATA",2
"53097.4.583096.AAAGCCAATG-TAAGTCTAAT",2
"53097.4.583096.AAGCATACTA-TGTGGTCAAT",2
"53097.4.583096.AATAGAGATA-ACGCGGCCCT",2
"53097.4.583096.AATCGCTCGG-AGCAGTTTGG",2
"53097.4.583096.AATCTCGGTC-AGGTGTATGC",2
"53097.4.583096.ACACCGTCAA-TGGTGAGATG",2
"53097.4.583096.ACACTACGAC-CGGTTGTCGC",2
"53097.4.583096.AGAAAGTGAT-TCCTTTGGAC",2
"53097.4.583096.ATCAGGGCTG-CTAACAGCGT",2
"53097.4.583096.CAGTCCTGCA-GAAAGCCTGT",2
"53097.4.583096.CAGTTAGGAG-CTGAACATAC",2
"53097.4.583096.CCCATAATCA-AACATCTATT",2
"53097.4.583096.CCCGGTAGAA-TCTGTTCGTC",2
"53097.4.583096.CCGGCTCTGA-CTTGTTCGTA",2
"53097.4.583096.CCTCAATCGA-GCCGTACGGC",3
"53097.4.583096.CGCCTCCTTG-TTCCTAAGCT",2
"53097.4.583096.CGGCCAGTCT-CTGTGCTTAT",2
"53097.4.583096.CGTGATTATA-ACCGTAATAT",2
"53097.4.583096.CGTGGAACAG-CGCTGTTCGG",2
"53097.4.583096.CTGCAGAGAC-ACATTTAGTA",2
"53097.4.583096.CTTTCCATAG-CCTTTCTTTG",2
"53097.4.583096.GATTATAACA-TTGCGCACCG",2
"53097.4.583096.GCACCCTAAC-CCCGTCGTTG",2
"53097.4.583096.GCCAAACCTG-TTGGCCGAGG",2
"53097.4.583096.GCCAGCCAGA-CTCAATTTGG",2
"53097.4.583096.GCGCCCGATG-CGATCGTCGA",2
"53097.4.583096.GCTCCGCCGA-AGCGGCTTTA",2
"53097.4.583096.GTTGACAGAA-AATGCGTGTA",2
"53097.4.583096.TATAACACGC-TCGCGGTTGT",2
"53097.4.583096.TCGTTGGGAG-CGTGCTATAT",2
"53097.4.583096.TGCCTGTTAT-GCCCATGGGC",2
"53097.4.583096.TGGCCACTTG-TATACGATGT",2
"53101.6.585079.AAGCTGGTGC-ACGGCATTTA",2
"53101.6.585079.ACACCTAGAT-GAGATGGCGG",2
"53101.6.585079.CACAAGTGGC-GAGTCCGCAT",2
"53101.6.585079.CGAATAACAG-CTTGCACTGG",2
"53101.6.585079.CGGCGGTACG-GCGGGTGCAG",2
"53101.6.585079.GACATCTCGC-GCTCTTGTCG",2
"53101.6.585079.GCGCCTACCT-AATCGATTTC",2
"53101.6.585079.GTCCGCTGTC-ATACTCAGTG",2
"53101.6.585079.GTCCTAGTGG-ACCGTATCTT",2
"53101.6.585079.TAAAGATGAC-GCGTATCGTG",2
"53101.8.585240.AAAGGCTAGA-GATTCAGTTA",2
"53101.8.585240.AAGGCATATT-TGCAATACTT",2
"53101.8.585240.AAGGCCGTTC-CAATCATGCT",2
"53101.8.585240.AAGTGTTTAA-ACCAGACAAC",2
"53101.8.585240.AATACCTAAG-TTCTGTAATA",2
"53101.8.585240.ACACCCTCGC-TCAGCCTTAC",2
"53101.8.585240.ACTGGTGTGA-AGTGTATTCA",2
"53101.8.585240.ACTGTGAGTT-ACCTATAATC",2
"53101.8.585240.AGAGACCCTT-TCCAGTGCCT",2
"53101.8.585240.ATACGATCAG-TCATTACCTA",2
"53101.8.585240.ATCAACCCTG-CACCCTAAGC",2
"53101.8.585240.CATTCCCTGT-CTGCGGGCCT",2
"53101.8.585240.CCACCCGCCT-TACAGGAAGC",3
"53101.8.585240.CCATTACGTC-TCTTTCGGGA",3
"53101.8.585240.CCGCGCAGCA-GATCCTTATG",2
"53101.8.585240.CCGCTGCAGT-TGTTGCGGCG",2
"53101.8.585240.CCTCGTCTAG-ACAGGACTAT",2
"53101.8.585240.CGGCCGCCAC-CGCCTGGGCA",2
"53101.8.585240.CGGGATGTGG-TTAGTTATTT",2
"53101.8.585240.CGTATGGGTC-CCTGCCTCAC",2
"53101.8.585240.CTGAATAGCA-CGTGCATTGA",2
"53101.8.585240.GAATTATATC-ATTCTGTACT",2
"53101.8.585240.GAATTTCTCG-ACTCGCGACT",3
"53101.8.585240.GACCACGCTA-ACTGGAAAGT",3
"53101.8.585240.GAGTTCTGTC-CGGTGGACTC",2
"53101.8.585240.GATCGATCGT-TTCCAACTTC",3
"53101.8.585240.GTACTGCAAG-ACATGAGCGC",2
"53101.8.585240.GTCGGGTCTT-CTAAATCGTC",2
"53101.8.585240.GTGCGAGGTT-CCTGGGCTTA",3
"53101.8.585240.TAAACGAGCA-AATCTTGACG",2
"53101.8.585240.TACTGTCCAA-TACCTCGCTA",2
"53101.8.585240.TAGGTGGTTT-TAGGTAATAA",2
"53101.8.585240.TCAACTATCA-AAACTTTGAC",2
"53101.8.585240.TCATGTTCCT-ACAGGCTACA",2
"53101.8.585240.TCTTATCACT-TTGATTCAGC",2
"53101.8.585240.TGGCGCGGGA-GCAAGAGTCA",3
"53102.1.585679.AAACAATAGT-ACCTACTGAA",3
"53102.1.585679.AAACGCACAC-CTGTGCCGTT",2
"53102.1.585679.AACACGAGTC-CTGGGAGAAA",2
"53102.1.585679.ACAACCAGCT-CGTACGATGA",3
"53102.1.585679.ACAACTCACT-CTGGCATTCT",2
"53102.1.585679.ACATCCCGGT-TATTGCACCG",2
"53102.1.585679.ACGGGTGAGC-GTTTCCGTAC",2
"53102.1.585679.AGACAGTACG-ATTGTCACGG",2
"53102.1.585679.AGGGACAAGG-CCTGCTCCGT",2
"53102.1.585679.AGTCCCTCGT-TCAATAGTTT",2
"53102.1.585679.AGTCCGCAGA-CGCGGAGCTA",2
"53102.1.585679.ATAAAGGACT-AGAGTAGTCG",2
"53102.1.585679.ATAACCTAGA-GATACTTCCA",3
"53102.1.585679.ATTGTGAATA-TATATGTTCG",2
"53102.1.585679.CAACCTGTGT-CTCAGCTTTC",2
"53102.1.585679.CAAGATCTGT-TAAACGTAGA",2
"53102.1.585679.CACGCTTCAA-TGTAGCGGAC",2
"53102.1.585679.CATACGGCAT-GCAAGGTGTT",2
"53102.1.585679.CCAGGCTTCG-CCGTGTGCTT",2
"53102.1.585679.CCCGATAATC-TGACCATTGA",2
"53102.1.585679.CGAAACATGA-CATGCGAGCA",2
"53102.1.585679.CGATAGAGTC-GTCTTCTTAC",2
"53102.1.585679.CGGGCTAGGA-GATACGAGCT",2
"53102.1.585679.CGTGCTCAAG-TACACGTACT",2
"53102.1.585679.CTACGTCCAG-ACACTGCTAC",2
"53102.1.585679.CTTCATCTTA-GTATGGTCCG",2
"53102.1.585679.CTTCTCGCTG-ATGGGTTAGC",2
"53102.1.585679.GAGACTCCTC-CGCGCTTGTC",3
"53102.1.585679.GCTCGCCCAC-TTGTGCGTCG",3
"53102.1.585679.TAATAAGCGA-AGCAATCAAC",2
"53102.1.585679.TCCGTGAAGC-CGCATCGTTT",2
"53102.1.585679.TCGTTCGTAA-CTCGAACCGG",2
"53102.1.585679.TCTGTTCCCT-AGGTGTGTTT",2
"53102.1.585679.TGAAAGTGGA-CCATAGCGAC",2
"53102.1.585679.TGGCCGGGAT-GATGACTGGG",2
"53102.1.585679.TGTTTCATCG-CCCTCACTAC",3
"53102.1.585679.TTACCATGGT-TTTAGTTCTT",2
"53102.1.585679.TTTGGGTGCG-CCGAAGCGTT",2
"53102.2.585720.ACGAATTCCG-TATCCAAGTT",3
"53102.2.585720.AGAGAAATAT-ATTCAAGGCG",2
"53102.2.585720.CACAGACCTG-TAGATGAGTT",2
"53102.2.585720.CCGGCAGCAG-TCTGCAACCG",2
"53102.2.585720.CCTATATCTT-CGAACGGGAT",3
"53102.2.585720.CGCCCTTCCT-CCTGAGAGAC",2
"53102.2.585720.CGCTCCGACA-CCATACGCTA",3
"53102.2.585720.GCACTCAGCT-CAATCGGTGT",2
"53102.2.585720.GTAGTAGACA-CAGGCTTTCG",2
"53102.2.585720.TCATTCTATG-ATTGAGGTGG",2
"53102.2.585720.TGAGTAGAGT-CGAACATGGT",2
"53114.1.593526.AAACGTGCTC-GCTACCACAC",2
"53114.1.593526.AAGGGAAGCG-ATCTTTAGCA",2
"53114.1.593526.ACAAAGTTAG-CAGACTAGGC",2
"53114.1.593526.ACATGTGACA-GATCTTAGTA",2
"53114.1.593526.ACGGTCGGCT-TGCCGCGATA",2
"53114.1.593526.AGCAAATTGC-TTTAGGCTCG",2
"53114.1.593526.ATCCCAGCTA-CGTGTTAGTC",2
"53114.1.593526.ATGTCGGATA-CGAGTTCACA",2
"53114.1.593526.CACCCGCGAA-GAGACCGGGT",2
"53114.1.593526.CATCTGCCTC-AGAGTATCGC",2
"53114.1.593526.CCAGGAAATG-AGGGATTGAA",2
"53114.1.593526.CCCAGTAACG-TGGTTACCCT",2
"53114.1.593526.CCGCCTAGTC-CTGCTTGCCA",2
"53114.1.593526.CTAGTAATAA-CCAGGCACGG",2
"53114.1.593526.GAAACCTAAT-GAGAGGTCTT",2
"53114.1.593526.GACAGAAAGT-CGTTGACGTG",2
"53114.1.593526.GTAGAGTCTA-CATCAAACGC",2
"53114.1.593526.TATGCGGTCG-GAGAACTCTA",3
"53114.1.593526.TCATCGCGAA-ATCGTGTCGG",2
"53114.1.593526.TCTTAAATAC-GCATTTGAGG",2
"53114.1.593526.TGCGTCTTCG-CTAATGATGT",2
"53114.1.593526.TGGTCCAGGG-ATTATGGTAG",2
"53114.1.593526.TTGGATCAAG-ACATTCTCAA",2
"53114.2.593563.AACGTGTGCG-TGGTCCTCTG",2
"53114.2.593563.AAGGCTGCAT-AAACTGTAGG",2
"53114.2.593563.AATCGCTCGG-AGCAGTTTGG",2
"53114.2.593563.ACACTACGAC-CGGTTGTCGC",2
"53114.2.593563.CCCATAATCA-AACATCTATT",2
"53114.2.593563.CCTCAATCGA-GCCGTACGGC",2
"53114.2.593563.CGCTATACGT-CTGCATAACT",2
"53114.2.593563.CGGCCAGTCT-CTGTGCTTAT",2
"53114.2.593563.CTTTCTGTCT-GCAGTAATCG",2
"53114.2.593563.GATTATAACA-TTGCGCACCG",2
"53114.2.593563.GCTCCGCCGA-AGCGGCTTTA",2
"53114.2.593563.GTCATGAGCG-GTACCCTCTT",2
"53114.2.593563.TACTTCTTAA-CTGTGAGGAT",2
"53114.2.593563.TCGTTGGGAG-CGTGCTATAT",2
"53114.2.593563.TGCCTGTTAT-GCCCATGGGC",2
"53114.2.593563.TGGCCACTTG-TATACGATGT",2
"53114.2.593563.TTAAGAGGTC-CATGAAACAT",2
"53114.2.593563.TTCCTAGTAC-ATGCCTTCTT",2
"53114.3.593590.AAAGCCAATG-TAAGTCTAAT",2
"53114.3.593590.AATAGAGATA-ACGCGGCCCT",2
"53114.3.593590.AATCTCGGTC-AGGTGTATGC",2
"53114.3.593590.AGAAAGTGAT-TCCTTTGGAC",2
"53114.3.593590.CGTGGAACAG-CGCTGTTCGG",2
"53114.3.593590.TATAACACGC-TCGCGGTTGT",2
"52838.4.469356.CCATGTGA-ACGCGAAA_53062.4.571946.ATGGATGGGT-AGAAATGGGC.merged",2
"52842.1.471593.ATACGCGT-AGGGACTA_53057.4.570987.CGTGCTCAAG-TACACGTACT.merged",3
"52842.1.471593.CCAACATG-AGAGTACG_53057.4.570987.TGAAAGTGGA-CCATAGCGAC.merged",3
"53053.7.569510.ACGGTAAAGC-TAGTGACAAA_53065.5.573995.CAGCGTGTTG-GTTGTCATTA.merged",2
"53053.7.569510.CTGTTCGTGC-GTACCACTGC_53065.5.573995.AACTTCTAGG-AATGGGTGAC.merged",2
"53114.2.593563.CCGACTGATT-ATCGTGCGCT_53114.2.593563.CCCTCAATTA-AATGCCGTGA.merged",2
"53053.7.569510.AGTAGAAGGA-GAAATACACG_53065.5.573995.GCGTGGCATA-CATCCCACTG.merged",3
